year,month,crime_category,crimes,year_month
2019,1,Other,2939,2019-01-01
2019,1,Property,8383,2019-01-01
2019,1,Quality-of-Life,2072,2019-01-01
2019,1,Violent,6156,2019-01-01
2019,2,Other,2729,2019-02-01
2019,2,Property,7891,2019-02-01
2019,2,Quality-of-Life,1929,2019-02-01
2019,2,Violent,5736,2019-02-01
2019,3,Other,2959,2019-03-01
2019,3,Property,8387,2019-03-01
2019,3,Quality-of-Life,2233,2019-03-01
2019,3,Violent,6743,2019-03-01
2019,4,Other,2958,2019-04-01
2019,4,Property,8942,2019-04-01
2019,4,Quality-of-Life,2162,2019-04-01
2019,4,Violent,6849,2019-04-01
2019,5,Other,3130,2019-05-01
2019,5,Property,10082,2019-05-01
2019,5,Quality-of-Life,2263,2019-05-01
2019,5,Violent,8063,2019-05-01
2019,6,Other,2968,2019-06-01
2019,6,Property,10272,2019-06-01
2019,6,Quality-of-Life,2200,2019-06-01
2019,6,Violent,8033,2019-06-01
2019,7,Other,3104,2019-07-01
2019,7,Property,10994,2019-07-01
2019,7,Quality-of-Life,2459,2019-07-01
2019,7,Violent,8145,2019-07-01
2019,8,Other,2954,2019-08-01
2019,8,Property,11019,2019-08-01
2019,8,Quality-of-Life,2561,2019-08-01
2019,8,Violent,7708,2019-08-01
2019,9,Other,2840,2019-09-01
2019,9,Property,9931,2019-09-01
2019,9,Quality-of-Life,2159,2019-09-01
2019,9,Violent,7351,2019-09-01
2019,10,Other,2942,2019-10-01
2019,10,Property,9839,2019-10-01
2019,10,Quality-of-Life,1994,2019-10-01
2019,10,Violent,6765,2019-10-01
2019,11,Other,2738,2019-11-01
2019,11,Property,8844,2019-11-01
2019,11,Quality-of-Life,1876,2019-11-01
2019,11,Violent,6286,2019-11-01
2019,12,Other,2692,2019-12-01
2019,12,Property,9477,2019-12-01
2019,12,Quality-of-Life,1833,2019-12-01
2019,12,Violent,6565,2019-12-01
2020,1,Other,2894,2020-01-01
2020,1,Property,8309,2020-01-01
2020,1,Quality-of-Life,2087,2020-01-01
2020,1,Violent,6364,2020-01-01
2020,2,Other,2550,2020-02-01
2020,2,Property,7676,2020-02-01
2020,2,Quality-of-Life,1903,2020-02-01
2020,2,Violent,5887,2020-02-01
2020,3,Other,2232,2020-03-01
2020,3,Property,6951,2020-03-01
2020,3,Quality-of-Life,1415,2020-03-01
2020,3,Violent,5928,2020-03-01
2020,4,Other,1766,2020-04-01
2020,4,Property,5660,2020-04-01
2020,4,Quality-of-Life,719,2020-04-01
2020,4,Violent,4571,2020-04-01
2020,5,Other,1823,2020-05-01
2020,5,Property,7768,2020-05-01
2020,5,Quality-of-Life,1745,2020-05-01
2020,5,Violent,5989,2020-05-01
2020,6,Other,1999,2020-06-01
2020,6,Property,7339,2020-06-01
2020,6,Quality-of-Life,1355,2020-06-01
2020,6,Violent,6690,2020-06-01
2020,7,Other,2372,2020-07-01
2020,7,Property,8116,2020-07-01
2020,7,Quality-of-Life,1525,2020-07-01
2020,7,Violent,7285,2020-07-01
2020,8,Other,2174,2020-08-01
2020,8,Property,8599,2020-08-01
2020,8,Quality-of-Life,1691,2020-08-01
2020,8,Violent,7123,2020-08-01
2020,9,Other,2134,2020-09-01
2020,9,Property,7614,2020-09-01
2020,9,Quality-of-Life,1524,2020-09-01
2020,9,Violent,6312,2020-09-01
2020,10,Other,2953,2020-10-01
2020,10,Property,7427,2020-10-01
2020,10,Quality-of-Life,1558,2020-10-01
2020,10,Violent,6091,2020-10-01
2020,11,Other,2783,2020-11-01
2020,11,Property,6520,2020-11-01
2020,11,Quality-of-Life,1367,2020-11-01
2020,11,Violent,5453,2020-11-01
2020,12,Other,3475,2020-12-01
2020,12,Property,6087,2020-12-01
2020,12,Quality-of-Life,1363,2020-12-01
2020,12,Violent,4784,2020-12-01
2021,1,Other,3504,2021-01-01
2021,1,Property,5870,2021-01-01
2021,1,Quality-of-Life,1301,2021-01-01
2021,1,Violent,5249,2021-01-01
2021,2,Other,2491,2021-02-01
2021,2,Property,4726,2021-02-01
2021,2,Quality-of-Life,1061,2021-02-01
2021,2,Violent,4535,2021-02-01
2021,3,Other,2673,2021-03-01
2021,3,Property,6057,2021-03-01
2021,3,Quality-of-Life,1458,2021-03-01
2021,3,Violent,5457,2021-03-01
2021,4,Other,2270,2021-04-01
2021,4,Property,6084,2021-04-01
2021,4,Quality-of-Life,1254,2021-04-01
2021,4,Violent,5585,2021-04-01
2021,5,Other,2527,2021-05-01
2021,5,Property,6990,2021-05-01
2021,5,Quality-of-Life,1391,2021-05-01
2021,5,Violent,6508,2021-05-01
2021,6,Other,2812,2021-06-01
2021,6,Property,7357,2021-06-01
2021,6,Quality-of-Life,1383,2021-06-01
2021,6,Violent,6865,2021-06-01
2021,7,Other,2439,2021-07-01
2021,7,Property,8046,2021-07-01
2021,7,Quality-of-Life,1194,2021-07-01
2021,7,Violent,7103,2021-07-01
2021,8,Other,2323,2021-08-01
2021,8,Property,7899,2021-08-01
2021,8,Quality-of-Life,1068,2021-08-01
2021,8,Violent,6807,2021-08-01
2021,9,Other,2331,2021-09-01
2021,9,Property,8176,2021-09-01
2021,9,Quality-of-Life,1208,2021-09-01
2021,9,Violent,7118,2021-09-01
2021,10,Other,2213,2021-10-01
2021,10,Property,8574,2021-10-01
2021,10,Quality-of-Life,1135,2021-10-01
2021,10,Violent,6914,2021-10-01
2021,11,Other,1994,2021-11-01
2021,11,Property,7868,2021-11-01
2021,11,Quality-of-Life,1059,2021-11-01
2021,11,Violent,5907,2021-11-01
2021,12,Other,1692,2021-12-01
2021,12,Property,7434,2021-12-01
2021,12,Quality-of-Life,944,2021-12-01
2021,12,Violent,5969,2021-12-01
2022,1,Other,2257,2022-01-01
2022,1,Property,6945,2022-01-01
2022,1,Quality-of-Life,851,2022-01-01
2022,1,Violent,5266,2022-01-01
2022,2,Other,2079,2022-02-01
2022,2,Property,6492,2022-02-01
2022,2,Quality-of-Life,1157,2022-02-01
2022,2,Violent,5180,2022-02-01
2022,3,Other,2694,2022-03-01
2022,3,Property,7949,2022-03-01
2022,3,Quality-of-Life,1244,2022-03-01
2022,3,Violent,6040,2022-03-01
2022,4,Other,2616,2022-04-01
2022,4,Property,7846,2022-04-01
2022,4,Quality-of-Life,1303,2022-04-01
2022,4,Violent,5986,2022-04-01
2022,5,Other,2573,2022-05-01
2022,5,Property,8690,2022-05-01
2022,5,Quality-of-Life,1513,2022-05-01
2022,5,Violent,7121,2022-05-01
2022,6,Other,2556,2022-06-01
2022,6,Property,9481,2022-06-01
2022,6,Quality-of-Life,1348,2022-06-01
2022,6,Violent,7047,2022-06-01
2022,7,Other,2515,2022-07-01
2022,7,Property,11042,2022-07-01
2022,7,Quality-of-Life,1332,2022-07-01
2022,7,Violent,7005,2022-07-01
2022,8,Other,2511,2022-08-01
2022,8,Property,11036,2022-08-01
2022,8,Quality-of-Life,1302,2022-08-01
2022,8,Violent,7034,2022-08-01
2022,9,Other,2522,2022-09-01
2022,9,Property,11087,2022-09-01
2022,9,Quality-of-Life,1279,2022-09-01
2022,9,Violent,6985,2022-09-01
2022,10,Other,2518,2022-10-01
2022,10,Property,12196,2022-10-01
2022,10,Quality-of-Life,1218,2022-10-01
2022,10,Violent,6751,2022-10-01
2022,11,Other,2361,2022-11-01
2022,11,Property,11035,2022-11-01
2022,11,Quality-of-Life,1048,2022-11-01
2022,11,Violent,6013,2022-11-01
2022,12,Other,2532,2022-12-01
2022,12,Property,10413,2022-12-01
2022,12,Quality-of-Life,975,2022-12-01
2022,12,Violent,5909,2022-12-01
2023,1,Other,2709,2023-01-01
2023,1,Property,10615,2023-01-01
2023,1,Quality-of-Life,1442,2023-01-01
2023,1,Violent,6287,2023-01-01
2023,2,Other,2573,2023-02-01
2023,2,Property,8878,2023-02-01
2023,2,Quality-of-Life,1330,2023-02-01
2023,2,Violent,5570,2023-02-01
2023,3,Other,2956,2023-03-01
2023,3,Property,10150,2023-03-01
2023,3,Quality-of-Life,1240,2023-03-01
2023,3,Violent,6315,2023-03-01
2023,4,Other,2715,2023-04-01
2023,4,Property,10089,2023-04-01
2023,4,Quality-of-Life,1192,2023-04-01
2023,4,Violent,6683,2023-04-01
2023,5,Other,2674,2023-05-01
2023,5,Property,10816,2023-05-01
2023,5,Quality-of-Life,1329,2023-05-01
2023,5,Violent,7334,2023-05-01
2023,6,Other,2756,2023-06-01
2023,6,Property,11299,2023-06-01
2023,6,Quality-of-Life,1379,2023-06-01
2023,6,Violent,7215,2023-06-01
2023,7,Other,2781,2023-07-01
2023,7,Property,11861,2023-07-01
2023,7,Quality-of-Life,1475,2023-07-01
2023,7,Violent,7853,2023-07-01
2023,8,Other,2828,2023-08-01
2023,8,Property,11887,2023-08-01
2023,8,Quality-of-Life,1469,2023-08-01
2023,8,Violent,7952,2023-08-01
2023,9,Other,2657,2023-09-01
2023,9,Property,10890,2023-09-01
2023,9,Quality-of-Life,1334,2023-09-01
2023,9,Violent,7715,2023-09-01
2023,10,Other,2669,2023-10-01
2023,10,Property,11509,2023-10-01
2023,10,Quality-of-Life,1306,2023-10-01
2023,10,Violent,7546,2023-10-01
2023,11,Other,2623,2023-11-01
2023,11,Property,10636,2023-11-01
2023,11,Quality-of-Life,1300,2023-11-01
2023,11,Violent,6807,2023-11-01
2023,12,Other,2518,2023-12-01
2023,12,Property,10403,2023-12-01
2023,12,Quality-of-Life,1122,2023-12-01
2023,12,Violent,6539,2023-12-01
2024,1,Other,2824,2024-01-01
2024,1,Property,9214,2024-01-01
2024,1,Quality-of-Life,1287,2024-01-01
2024,1,Violent,6181,2024-01-01
2024,2,Other,2791,2024-02-01
2024,2,Property,9373,2024-02-01
2024,2,Quality-of-Life,1395,2024-02-01
2024,2,Violent,6318,2024-02-01
2024,3,Other,2780,2024-03-01
2024,3,Property,9877,2024-03-01
2024,3,Quality-of-Life,1421,2024-03-01
2024,3,Violent,6772,2024-03-01
2024,4,Other,2687,2024-04-01
2024,4,Property,9442,2024-04-01
2024,4,Quality-of-Life,1263,2024-04-01
2024,4,Violent,6953,2024-04-01
2024,5,Other,2843,2024-05-01
2024,5,Property,10276,2024-05-01
2024,5,Quality-of-Life,1276,2024-05-01
2024,5,Violent,7811,2024-05-01
2024,6,Other,2795,2024-06-01
2024,6,Property,11179,2024-06-01
2024,6,Quality-of-Life,1438,2024-06-01
2024,6,Violent,7709,2024-06-01
2024,7,Other,2798,2024-07-01
2024,7,Property,11881,2024-07-01
2024,7,Quality-of-Life,1681,2024-07-01
2024,7,Violent,7676,2024-07-01
2024,8,Other,2695,2024-08-01
2024,8,Property,11573,2024-08-01
2024,8,Quality-of-Life,1451,2024-08-01
2024,8,Violent,7223,2024-08-01
2024,9,Other,2897,2024-09-01
2024,9,Property,11058,2024-09-01
2024,9,Quality-of-Life,1386,2024-09-01
2024,9,Violent,7583,2024-09-01
2024,10,Other,2735,2024-10-01
2024,10,Property,11101,2024-10-01
2024,10,Quality-of-Life,1290,2024-10-01
2024,10,Violent,7313,2024-10-01
2024,11,Other,2514,2024-11-01
2024,11,Property,9641,2024-11-01
2024,11,Quality-of-Life,1165,2024-11-01
2024,11,Violent,6383,2024-11-01
2024,12,Other,2537,2024-12-01
2024,12,Property,9571,2024-12-01
2024,12,Quality-of-Life,1177,2024-12-01
2024,12,Violent,6288,2024-12-01
2025,1,Other,2841,2025-01-01
2025,1,Property,8512,2025-01-01
2025,1,Quality-of-Life,1487,2025-01-01
2025,1,Violent,5605,2025-01-01
2025,2,Other,2608,2025-02-01
2025,2,Property,7556,2025-02-01
2025,2,Quality-of-Life,1346,2025-02-01
2025,2,Violent,4994,2025-02-01
2025,3,Other,2612,2025-03-01
2025,3,Property,8043,2025-03-01
2025,3,Quality-of-Life,1348,2025-03-01
2025,3,Violent,5559,2025-03-01
